{
  "Component.js.map": 1771427285654,
  "manifest.json": 1771421462940,
  "controller/App.controller.ts": 1770980532745,
  "controller/overview.controller.ts": 1771424144081,
  "model/models.ts": 1770973479131,
  "Component.ts": 1770980490806,
  "controller/App.controller.js.map": 1771427285657,
  "controller/overview.controller.js.map": 1771427285666,
  "model/models.js.map": 1771427285656,
  "i18n/i18n.properties": 1770980532745,
  "controller/App.controller.js": 1771427285491,
  "controller/overview.controller.js": 1771427285491,
  "model/models.js": 1771427285491,
  "Component.js": 1771427285491,
  "Component-dbg.js": 1771427285491,
  "Component-dbg.js.map": 1771427285502,
  "controller/overview-dbg.controller.js": 1771427285491,
  "controller/overview-dbg.controller.js.map": 1771427285506,
  "model/models-dbg.js": 1771427285491,
  "model/models-dbg.js.map": 1771427285506,
  "controller/App-dbg.controller.js": 1771427285491,
  "controller/App-dbg.controller.js.map": 1771427285507,
  "Component-preload.js": 1771427285757,
  "Component-preload.js.map": 1771427285757,
  "view/overview.view.xml": 1770980532745,
  "view/App.view.xml": 1770980532745,
  "css/style.css": 1770973479135,
  "index.html": 1770980532745
}