{
  "Component.js": 1771423159457,
  "manifest.json": 1771421462940,
  "controller/overview.controller.ts": 1771422032749,
  "model/models.ts": 1770973479131,
  "controller/App.controller.ts": 1770980532745,
  "Component.ts": 1770980490806,
  "controller/overview.controller.js.map": 1771423159638,
  "model/models.js.map": 1771423159636,
  "controller/App.controller.js.map": 1771423159628,
  "Component.js.map": 1771423159637,
  "controller/overview.controller.js": 1771423159457,
  "model/models.js": 1771423159457,
  "controller/App.controller.js": 1771423159457,
  "i18n/i18n.properties": 1770980532745,
  "model/models-dbg.js": 1771423159457,
  "model/models-dbg.js.map": 1771423159468,
  "controller/overview-dbg.controller.js": 1771423159457,
  "controller/overview-dbg.controller.js.map": 1771423159473,
  "controller/App-dbg.controller.js": 1771423159457,
  "controller/App-dbg.controller.js.map": 1771423159473,
  "Component-dbg.js": 1771423159457,
  "Component-dbg.js.map": 1771423159474,
  "Component-preload.js": 1771423159738,
  "Component-preload.js.map": 1771423159738,
  "view/overview.view.xml": 1770980532745,
  "view/App.view.xml": 1770980532745,
  "css/style.css": 1770973479135,
  "index.html": 1770980532745
}