{
  "Component.ts": 1770980490806,
  "manifest.json": 1770991935835,
  "controller/overview.controller.ts": 1770992832360,
  "controller/App.controller.ts": 1770980532745,
  "model/models.ts": 1770973479131,
  "i18n/i18n.properties": 1770980532745,
  "controller/overview.controller.js.map": 1770992866090,
  "controller/App.controller.js.map": 1770992866091,
  "model/models.js.map": 1770992866100,
  "Component.js.map": 1770992866122,
  "controller/overview.controller.js": 1770992865865,
  "controller/App.controller.js": 1770992865865,
  "model/models.js": 1770992865865,
  "Component.js": 1770992865865,
  "Component-dbg.js": 1770992865865,
  "Component-dbg.js.map": 1770992865878,
  "controller/App-dbg.controller.js": 1770992865865,
  "controller/App-dbg.controller.js.map": 1770992865883,
  "model/models-dbg.js": 1770992865865,
  "model/models-dbg.js.map": 1770992865883,
  "controller/overview-dbg.controller.js": 1770992865865,
  "controller/overview-dbg.controller.js.map": 1770992865884,
  "Component-preload.js": 1770992866262,
  "Component-preload.js.map": 1770992866262,
  "view/overview.view.xml": 1770980532745,
  "view/App.view.xml": 1770980532745,
  "css/style.css": 1770973479135,
  "index.html": 1770980532745
}