{
  "model/models-dbg.js": 1770980579700,
  "manifest.json": 1770980532745,
  "model/models.ts": 1770973479131,
  "controller/overview.controller.ts": 1770980532745,
  "controller/App.controller.ts": 1770980532745,
  "Component.ts": 1770980490806,
  "controller/App.controller.js.map": 1770980579875,
  "controller/overview.controller.js.map": 1770980579883,
  "model/models.js.map": 1770980579865,
  "Component.js.map": 1770980579869,
  "controller/App.controller.js": 1770980579700,
  "controller/overview.controller.js": 1770980579700,
  "model/models.js": 1770980579700,
  "Component.js": 1770980579700,
  "controller/App-dbg.controller.js": 1770980579700,
  "controller/App-dbg.controller.js.map": 1770980579710,
  "controller/overview-dbg.controller.js": 1770980579700,
  "controller/overview-dbg.controller.js.map": 1770980579714,
  "i18n/i18n.properties": 1770980532745,
  "model/models-dbg.js.map": 1770980579714,
  "Component-dbg.js": 1770980579700,
  "Component-dbg.js.map": 1770980579715,
  "Component-preload.js": 1770980579974,
  "Component-preload.js.map": 1770980579974,
  "view/overview.view.xml": 1770980532745,
  "view/App.view.xml": 1770980532745,
  "css/style.css": 1770973479135,
  "index.html": 1770980532745
}