{
  "controller/App.controller.js": 1771425518214,
  "manifest.json": 1771421462940,
  "controller/overview.controller.ts": 1771424144081,
  "model/models.ts": 1770973479131,
  "controller/App.controller.ts": 1770980532745,
  "Component.ts": 1770980490806,
  "Component.js.map": 1771425518391,
  "model/models.js.map": 1771425518398,
  "controller/App.controller.js.map": 1771425518374,
  "controller/overview.controller.js.map": 1771425518399,
  "Component.js": 1771425518214,
  "model/models.js": 1771425518214,
  "i18n/i18n.properties": 1770980532745,
  "controller/overview.controller.js": 1771425518214,
  "controller/overview-dbg.controller.js": 1771425518214,
  "controller/overview-dbg.controller.js.map": 1771425518223,
  "model/models-dbg.js": 1771425518214,
  "model/models-dbg.js.map": 1771425518226,
  "controller/App-dbg.controller.js": 1771425518214,
  "controller/App-dbg.controller.js.map": 1771425518227,
  "Component-dbg.js": 1771425518214,
  "Component-dbg.js.map": 1771425518227,
  "Component-preload.js": 1771425518483,
  "Component-preload.js.map": 1771425518483,
  "view/overview.view.xml": 1770980532745,
  "view/App.view.xml": 1770980532745,
  "css/style.css": 1770973479135,
  "index.html": 1770980532745
}